{
  "trained_at": "2026-04-08T15:41:00.418721",
  "dataset_rows": 1295224,
  "feature_count": 46,
  "xgboost_categories": [
    "DayTrade",
    "SwingTrade",
    "ShortTermHold",
    "LongTermHold"
  ],
  "lstm_categories": [
    "DayTrade",
    "SwingTrade",
    "ShortTermHold",
    "LongTermHold"
  ],
  "ensemble_categories": [
    "DayTrade",
    "SwingTrade",
    "ShortTermHold",
    "LongTermHold"
  ],
  "metrics": {
    "xgboost_daytrade": {
      "category": "DayTrade",
      "auc": 0.7181174355333174,
      "precision": 0.2634729639394008,
      "recall": 0.788606371259639,
      "f1": 0.3949824905133489,
      "brier_score": 0.219729483127594,
      "log_loss": 0.6079986651524006,
      "cv_auc_mean": 0.7149638240529785,
      "cv_auc_std": 0.007631147375371294,
      "cv_folds": 5,
      "train_samples": 1034139,
      "val_samples": 258535,
      "positive_rate_train": 0.17559825129890663,
      "positive_rate_val": 0.17205020596824414,
      "scale_pos_weight": 4.72,
      "best_iteration": 127
    },
    "xgboost_swingtrade": {
      "category": "SwingTrade",
      "auc": 0.7046728492852949,
      "precision": 0.23710574013544566,
      "recall": 0.7759412304866851,
      "f1": 0.36322130185763907,
      "brier_score": 0.22436347603797913,
      "log_loss": 0.6167015150069706,
      "cv_auc_mean": 0.7071345394258284,
      "cv_auc_std": 0.01619089973492144,
      "cv_folds": 5,
      "train_samples": 1025979,
      "val_samples": 256495,
      "positive_rate_train": 0.1665862556641023,
      "positive_rate_val": 0.15709078149671535,
      "scale_pos_weight": 5.07,
      "best_iteration": 112
    },
    "xgboost_shorttermhold": {
      "category": "ShortTermHold",
      "auc": 0.7078399466930918,
      "precision": 0.21811907221335336,
      "recall": 0.7734765234765235,
      "f1": 0.34027981248168765,
      "brier_score": 0.2197330892086029,
      "log_loss": 0.6159386041046498,
      "cv_auc_mean": 0.7119358277509075,
      "cv_auc_std": 0.02007679707031523,
      "cv_folds": 5,
      "train_samples": 1015779,
      "val_samples": 253945,
      "positive_rate_train": 0.15354914799380573,
      "positive_rate_val": 0.14190474315304494,
      "scale_pos_weight": 5.61,
      "best_iteration": 32
    },
    "xgboost_longtermhold": {
      "category": "LongTermHold",
      "auc": 0.6938944183271456,
      "precision": 0.21755741612384158,
      "recall": 0.7375222426416965,
      "f1": 0.3360001063165309,
      "brier_score": 0.2206881195306778,
      "log_loss": 0.6073533907037023,
      "cv_auc_mean": 0.7042167269017676,
      "cv_auc_std": 0.024625907516300536,
      "cv_folds": 5,
      "train_samples": 974979,
      "val_samples": 243745,
      "positive_rate_train": 0.14368719736527658,
      "positive_rate_val": 0.14064288498225605,
      "scale_pos_weight": 5.99,
      "best_iteration": 215
    },
    "lstm_daytrade": {
      "category": "DayTrade",
      "auc": 0.7047994356780245,
      "precision": 0.2643773654573987,
      "recall": 0.6934792609990557,
      "f1": 0.38281349203697146,
      "val_loss": 0.5917,
      "best_epoch": 6,
      "total_epochs": 16,
      "train_samples": 993339,
      "val_samples": 248335,
      "training_time_sec": 1881.1,
      "device": "cuda",
      "pos_weight": 4.6976
    },
    "lstm_swingtrade": {
      "category": "SwingTrade",
      "auc": 0.6856640751653271,
      "precision": 0.2416170078864043,
      "recall": 0.6408544378080906,
      "f1": 0.3509265540757668,
      "val_loss": 0.583,
      "best_epoch": 8,
      "total_epochs": 18,
      "train_samples": 985179,
      "val_samples": 246295,
      "training_time_sec": 2444.8,
      "device": "cuda",
      "pos_weight": 5.0868
    },
    "lstm_shorttermhold": {
      "category": "ShortTermHold",
      "auc": 0.6924932835455888,
      "precision": 0.22787575925480644,
      "recall": 0.6282461449776625,
      "f1": 0.3344431828643324,
      "val_loss": 0.6036,
      "best_epoch": 4,
      "total_epochs": 14,
      "train_samples": 974979,
      "val_samples": 243745,
      "training_time_sec": 1538.9,
      "device": "cuda",
      "pos_weight": 5.6733
    },
    "lstm_longtermhold": {
      "category": "LongTermHold",
      "auc": 0.6682788370418259,
      "precision": 0.2171091959748929,
      "recall": 0.5366311641938065,
      "f1": 0.30914507634196947,
      "val_loss": 0.6672,
      "best_epoch": 4,
      "total_epochs": 14,
      "train_samples": 934179,
      "val_samples": 233545,
      "training_time_sec": 2426.3,
      "device": "cuda",
      "pos_weight": 5.9273
    },
    "ensemble": {
      "DayTrade": {
        "xgboost": 0.5,
        "lstm": 0.5
      },
      "SwingTrade": {
        "xgboost": 0.5,
        "lstm": 0.5
      },
      "ShortTermHold": {
        "xgboost": 0.5,
        "lstm": 0.5
      },
      "LongTermHold": {
        "xgboost": 0.5,
        "lstm": 0.5
      }
    }
  }
}