{
  "category": "LongTermHold",
  "metrics": {
    "category": "LongTermHold",
    "auc": 0.6682788370418259,
    "precision": 0.2171091959748929,
    "recall": 0.5366311641938065,
    "f1": 0.30914507634196947,
    "val_loss": 0.6672,
    "best_epoch": 4,
    "total_epochs": 14,
    "train_samples": 934179,
    "val_samples": 233545,
    "training_time_sec": 2426.3,
    "device": "cuda",
    "pos_weight": 5.9273
  },
  "config": {
    "hidden_size_1": 64,
    "hidden_size_2": 32,
    "dropout": 0.3,
    "sequence_length": 20,
    "batch_size": 32,
    "learning_rate": 0.001,
    "epochs": 50,
    "patience": 10
  }
}