{
  "category": "DayTrade",
  "metrics": {
    "category": "DayTrade",
    "auc": 0.7047994356780245,
    "precision": 0.2643773654573987,
    "recall": 0.6934792609990557,
    "f1": 0.38281349203697146,
    "val_loss": 0.5917,
    "best_epoch": 6,
    "total_epochs": 16,
    "train_samples": 993339,
    "val_samples": 248335,
    "training_time_sec": 1881.1,
    "device": "cuda",
    "pos_weight": 4.6976
  },
  "config": {
    "hidden_size_1": 64,
    "hidden_size_2": 32,
    "dropout": 0.3,
    "sequence_length": 20,
    "batch_size": 32,
    "learning_rate": 0.001,
    "epochs": 50,
    "patience": 10
  }
}