{
  "mean": {
    "rsi_14": 50.000762885751186,
    "macd_signal": -55.635964766506234,
    "macd_histogram": 6.954742728680204,
    "sma20_sma50_ratio": 0.9947458138375488,
    "sma50_sma200_ratio": 0.9757394786141055,
    "bollinger_pct_b": 0.5083271738333331,
    "adx": 32.392635226078106,
    "atr_normalized": 0.05422659408499353,
    "stoch_k": 48.5768234158334,
    "stoch_d": 48.59318504621912,
    "obv_slope_5d": 109296.60188427464,
    "volume_ratio_20d": 1.0384915412713867,
    "best_pattern_confidence": 0.00040322473527485694,
    "best_pattern_direction": 6.0235009205144996e-05,
    "num_active_patterns": 0.002131392633412823,
    "days_since_pattern": 59.97575540879493,
    "pe_ratio": 0.008584473342996677,
    "forward_pe": 0.00308309604935564,
    "peg_ratio": 0.0,
    "price_to_book": 0.0017402032809546168,
    "profit_margin": 1.407655080475517e-05,
    "operating_margin": 2.283950904065709e-05,
    "roe": 3.4411233758170345e-05,
    "debt_to_equity": 0.013128677424536347,
    "fcf_to_mcap": 2.6884839786039166e-06,
    "revenue_per_share": 0.0,
    "earnings_per_share": 0.0,
    "beta": 0.00013646936354762583,
    "dividend_yield": 0.00013689564207430838,
    "value_score": 6.177949662066154e-05,
    "quality_score": 6.177949662066154e-05,
    "growth_score": 6.177949662066154e-05,
    "safety_score": 6.177949662066154e-05,
    "news_positive": 0.5,
    "news_negative": 0.5,
    "news_neutral": 0.5,
    "reddit_positive": 0.5,
    "reddit_negative": 0.5,
    "reddit_neutral": 0.5,
    "stocktwits_positive": 0.5,
    "stocktwits_negative": 0.5,
    "stocktwits_neutral": 0.5,
    "sentiment_sample_size": 0.0
  },
  "std": {
    "rsi_14": 17.49511103432223,
    "macd_signal": 5642.191532213104,
    "macd_histogram": 1595.2333640080956,
    "sma20_sma50_ratio": 0.11188331845278945,
    "sma50_sma200_ratio": 0.2527178495878988,
    "bollinger_pct_b": 0.32520186960211095,
    "adx": 15.331918890492751,
    "atr_normalized": 0.0759691172131922,
    "stoch_k": 30.4103673591553,
    "stoch_d": 28.321700566350433,
    "obv_slope_5d": 3565712.866384403,
    "volume_ratio_20d": 1.2545665509604211,
    "best_pattern_confidence": 0.01883850003696337,
    "best_pattern_direction": 0.02152540253310745,
    "num_active_patterns": 0.10174110909642589,
    "days_since_pattern": 1.1299116855466187,
    "pe_ratio": 2.0175630769465265,
    "forward_pe": 0.34238093544277254,
    "peg_ratio": 1.0,
    "price_to_book": 0.3387068699302852,
    "profit_margin": 0.004619073469659798,
    "operating_margin": 0.004012940572657403,
    "roe": 0.006263680794917734,
    "debt_to_equity": 2.3701563789658944,
    "fcf_to_mcap": 0.0003926828553214821,
    "revenue_per_share": 1.0,
    "earnings_per_share": 1.0,
    "beta": 0.014198947509667532,
    "dividend_yield": 0.019621754109766052,
    "value_score": 0.005557513423790609,
    "quality_score": 0.005557513423790609,
    "growth_score": 0.005557513423790609,
    "safety_score": 0.005557513423790609,
    "news_positive": 1.0,
    "news_negative": 1.0,
    "news_neutral": 1.0,
    "reddit_positive": 1.0,
    "reddit_negative": 1.0,
    "reddit_neutral": 1.0,
    "stocktwits_positive": 1.0,
    "stocktwits_negative": 1.0,
    "stocktwits_neutral": 1.0,
    "sentiment_sample_size": 1.0
  }
}