{
  "mean": {
    "rsi_14": 50.00047746677249,
    "macd_signal": -55.623255219978,
    "macd_histogram": 6.953130900262132,
    "sma20_sma50_ratio": 0.9947469686579695,
    "sma50_sma200_ratio": 0.9757500507443688,
    "bollinger_pct_b": 0.5083263507498385,
    "adx": 32.392012705562315,
    "atr_normalized": 0.0542233463686763,
    "stoch_k": 48.576862913557946,
    "stoch_d": 48.59270520897763,
    "obv_slope_5d": 109180.20481708182,
    "volume_ratio_20d": 1.0384097442249227,
    "best_pattern_confidence": 0.0005003999308227767,
    "best_pattern_direction": -1.852961341049888e-05,
    "num_active_patterns": 0.0023918642644052304,
    "days_since_pattern": 59.967384020061395,
    "pe_ratio": 0.01333331570164376,
    "forward_pe": 0.003613111405177792,
    "peg_ratio": 0.0,
    "price_to_book": 0.0029577955870173805,
    "profit_margin": 0.0001669722306580252,
    "operating_margin": -0.02329179716452753,
    "roe": -5.43282164105977e-05,
    "debt_to_equity": 0.03372241403803512,
    "fcf_to_mcap": -1.727174615411552e-05,
    "revenue_per_share": 0.0,
    "earnings_per_share": 0.0,
    "beta": 0.00039184264652291804,
    "dividend_yield": 0.0004941539069689875,
    "value_score": 0.0001814357979778015,
    "quality_score": 0.0001814357979778015,
    "growth_score": 0.0001814357979778015,
    "safety_score": 0.0001814357979778015,
    "news_positive": 0.49998400971569407,
    "news_negative": 0.49998509462455915,
    "news_neutral": 0.5000031005447707,
    "reddit_positive": 0.5,
    "reddit_negative": 0.5,
    "reddit_neutral": 0.5,
    "stocktwits_positive": 0.5,
    "stocktwits_negative": 0.5,
    "stocktwits_neutral": 0.5,
    "sentiment_sample_size": 0.0008098985194838885,
    "sector_momentum_5d": 0.0006882591086975123,
    "sector_momentum_10d": 0.0013390087960276228,
    "sector_momentum_20d": 0.0027209477977210702
  },
  "std": {
    "rsi_14": 17.49485218876329,
    "macd_signal": 5641.546847195372,
    "macd_histogram": 1595.0510761776027,
    "sma20_sma50_ratio": 0.11187699920514556,
    "sma50_sma200_ratio": 0.25271986672562674,
    "bollinger_pct_b": 0.3251952430086043,
    "adx": 15.33219900435681,
    "atr_normalized": 0.07596339245597032,
    "stoch_k": 30.41000885573476,
    "stoch_d": 28.32151224270461,
    "obv_slope_5d": 3565547.380839667,
    "volume_ratio_20d": 1.254761756940053,
    "best_pattern_confidence": 0.020570287420415435,
    "best_pattern_direction": 0.02457146094733217,
    "num_active_patterns": 0.10482616447934083,
    "days_since_pattern": 1.3326899890535935,
    "pe_ratio": 2.558790267439108,
    "forward_pe": 0.6634467730878391,
    "peg_ratio": 1.0,
    "price_to_book": 0.9719191952946993,
    "profit_margin": 0.18152821445385992,
    "operating_margin": 23.074554929367746,
    "roe": 0.018881711529757747,
    "debt_to_equity": 4.447469219603787,
    "fcf_to_mcap": 0.01560507283750494,
    "revenue_per_share": 1.0,
    "earnings_per_share": 1.0,
    "beta": 0.02565616289278909,
    "dividend_yield": 0.07064794602394289,
    "value_score": 0.00952286984343837,
    "quality_score": 0.00952286984343837,
    "growth_score": 0.00952286984343837,
    "safety_score": 0.00952286984343837,
    "news_positive": 0.0022377585618535427,
    "news_negative": 0.0022158786683655176,
    "news_neutral": 0.000995319673163443,
    "reddit_positive": 1.0,
    "reddit_negative": 1.0,
    "reddit_neutral": 1.0,
    "stocktwits_positive": 1.0,
    "stocktwits_negative": 1.0,
    "stocktwits_neutral": 1.0,
    "sentiment_sample_size": 0.10938749119396037,
    "sector_momentum_5d": 0.01460258717862008,
    "sector_momentum_10d": 0.02052392717113213,
    "sector_momentum_20d": 0.029059098851260852
  }
}