{
  "trained_at": "2026-02-13T17:04:18.640249",
  "dataset_rows": 1294928,
  "feature_count": 43,
  "xgboost_categories": [
    "DayTrade",
    "SwingTrade",
    "ShortTermHold",
    "LongTermHold"
  ],
  "lstm_categories": [],
  "ensemble_categories": [],
  "metrics": {
    "xgboost_daytrade": {
      "category": "DayTrade",
      "auc": 0.7180227588143183,
      "precision": 0.26393422893505636,
      "recall": 0.7882157378080283,
      "f1": 0.3954514462169579,
      "brier_score": 0.21992400288581848,
      "log_loss": 0.608291313802319,
      "cv_auc_mean": 0.7151126345295987,
      "cv_auc_std": 0.007664367614427825,
      "cv_folds": 5,
      "train_samples": 1033902,
      "val_samples": 258476,
      "positive_rate_train": 0.17554661853831408,
      "positive_rate_val": 0.1722287562481623,
      "scale_pos_weight": 4.72,
      "best_iteration": 174
    },
    "xgboost_swingtrade": {
      "category": "SwingTrade",
      "auc": 0.7047367196227124,
      "precision": 0.23731138545953362,
      "recall": 0.7767469550765261,
      "f1": 0.3635508701861119,
      "brier_score": 0.22448013722896576,
      "log_loss": 0.617363529574917,
      "cv_auc_mean": 0.7073477857721718,
      "cv_auc_std": 0.016153365938443652,
      "cv_folds": 5,
      "train_samples": 1025742,
      "val_samples": 256436,
      "positive_rate_train": 0.16658282492088655,
      "positive_rate_val": 0.1572049166263707,
      "scale_pos_weight": 5.07,
      "best_iteration": 92
    },
    "xgboost_shorttermhold": {
      "category": "ShortTermHold",
      "auc": 0.7078453698335301,
      "precision": 0.2183367869570317,
      "recall": 0.7742132261195065,
      "f1": 0.3406160414760598,
      "brier_score": 0.22014309465885162,
      "log_loss": 0.6149437120193948,
      "cv_auc_mean": 0.7124917510720554,
      "cv_auc_std": 0.019827892638825638,
      "cv_folds": 5,
      "train_samples": 1015542,
      "val_samples": 253886,
      "positive_rate_train": 0.1535387015012673,
      "positive_rate_val": 0.14205194457354875,
      "scale_pos_weight": 5.61,
      "best_iteration": 36
    },
    "xgboost_longtermhold": {
      "category": "LongTermHold",
      "auc": 0.6943283266534702,
      "precision": 0.21746110786771525,
      "recall": 0.7387563436971358,
      "f1": 0.3360130536872687,
      "brier_score": 0.22085675597190857,
      "log_loss": 0.6078301605368889,
      "cv_auc_mean": 0.704395656959693,
      "cv_auc_std": 0.02426845647088118,
      "cv_folds": 5,
      "train_samples": 974742,
      "val_samples": 243686,
      "positive_rate_train": 0.1436893044518447,
      "positive_rate_val": 0.14069745492149735,
      "scale_pos_weight": 5.99,
      "best_iteration": 225
    }
  }
}